element_type	osmid	building	newarea	peopleInDaHouse	allPeople	total	average	population
way	251573889	Control_Tower	475.96922995156683	100482.0	100482.0	475.96922995156683	211.1102854489664	100482
